<?xml version="1.0" encoding="UTF-8"?>
<!DOCTYPE hibernate-configuration PUBLIC
"-//Hibernate/Hibernate Configuration DTD 3.0//EN"
"http://www.hibernate.org/dtd/hibernate-configuration-3.0.dtd">
<hibernate-configuration>
  <session-factory>
    <property name="connection.driver_class">com.mysql.jdbc.Driver</property>
    <property name="dialect">org.hibernate.dialect.MySQL55Dialect</property>
    <property name="hibernate.connection.url">jdbc:mysql://localhost:3306/learneracademy?serverTimezone=UTC</property>
    <property name="connection.username">root</property>
    <property name="connection.password">faisal1420</property>
    <property name="show_sql">true</property>
    <property name="hbm2ddl.auto">update</property>
  </session-factory>
</hibernate-configuration>
